{"assets/applogo.jpg":["assets/applogo.jpg"],"assets/avatarr.png":["assets/avatarr.png"],"assets/empy.png":["assets/empy.png"],"assets/img.png":["assets/img.png"],"assets/img_1.png":["assets/img_1.png"],"assets/not_connecting.png":["assets/not_connecting.png"],"packages/cupertino_icons/assets/CupertinoIcons.ttf":["packages/cupertino_icons/assets/CupertinoIcons.ttf"],"packages/fluttertoast/assets/toastify.css":["packages/fluttertoast/assets/toastify.css"],"packages/fluttertoast/assets/toastify.js":["packages/fluttertoast/assets/toastify.js"]}